raceId,ultrapassagens,name,year,corrida
1,458,Australian Grand Prix,2009,2009 - Australian Grand Prix
2,237,Malaysian Grand Prix,2009,2009 - Malaysian Grand Prix
3,604,Chinese Grand Prix,2009,2009 - Chinese Grand Prix
4,542,Bahrain Grand Prix,2009,2009 - Bahrain Grand Prix
5,328,Spanish Grand Prix,2009,2009 - Spanish Grand Prix
6,489,Monaco Grand Prix,2009,2009 - Monaco Grand Prix
7,519,Turkish Grand Prix,2009,2009 - Turkish Grand Prix
8,484,British Grand Prix,2009,2009 - British Grand Prix
9,840,German Grand Prix,2009,2009 - German Grand Prix
10,708,Hungarian Grand Prix,2009,2009 - Hungarian Grand Prix
11,665,European Grand Prix,2009,2009 - European Grand Prix
12,473,Belgian Grand Prix,2009,2009 - Belgian Grand Prix
13,402,Italian Grand Prix,2009,2009 - Italian Grand Prix
14,640,Singapore Grand Prix,2009,2009 - Singapore Grand Prix
15,610,Japanese Grand Prix,2009,2009 - Japanese Grand Prix
16,637,Brazilian Grand Prix,2009,2009 - Brazilian Grand Prix
17,619,Abu Dhabi Grand Prix,2009,2009 - Abu Dhabi Grand Prix
18,146,Australian Grand Prix,2008,2008 - Australian Grand Prix
19,422,Malaysian Grand Prix,2008,2008 - Malaysian Grand Prix
20,433,Bahrain Grand Prix,2008,2008 - Bahrain Grand Prix
21,375,Spanish Grand Prix,2008,2008 - Spanish Grand Prix
22,389,Turkish Grand Prix,2008,2008 - Turkish Grand Prix
23,509,Monaco Grand Prix,2008,2008 - Monaco Grand Prix
24,654,Canadian Grand Prix,2008,2008 - Canadian Grand Prix
25,670,French Grand Prix,2008,2008 - French Grand Prix
26,77,British Grand Prix,2008,2008 - British Grand Prix
27,789,German Grand Prix,2008,2008 - German Grand Prix
28,539,Hungarian Grand Prix,2008,2008 - Hungarian Grand Prix
29,449,European Grand Prix,2008,2008 - European Grand Prix
30,270,Belgian Grand Prix,2008,2008 - Belgian Grand Prix
31,656,Italian Grand Prix,2008,2008 - Italian Grand Prix
32,631,Singapore Grand Prix,2008,2008 - Singapore Grand Prix
33,596,Japanese Grand Prix,2008,2008 - Japanese Grand Prix
34,566,Chinese Grand Prix,2008,2008 - Chinese Grand Prix
35,455,Brazilian Grand Prix,2008,2008 - Brazilian Grand Prix
36,206,Australian Grand Prix,2007,2007 - Australian Grand Prix
37,388,Malaysian Grand Prix,2007,2007 - Malaysian Grand Prix
38,415,Bahrain Grand Prix,2007,2007 - Bahrain Grand Prix
39,251,Spanish Grand Prix,2007,2007 - Spanish Grand Prix
40,82,Monaco Grand Prix,2007,2007 - Monaco Grand Prix
41,621,Canadian Grand Prix,2007,2007 - Canadian Grand Prix
42,387,United States Grand Prix,2007,2007 - United States Grand Prix
43,413,French Grand Prix,2007,2007 - French Grand Prix
44,203,British Grand Prix,2007,2007 - British Grand Prix
45,281,European Grand Prix,2007,2007 - European Grand Prix
46,437,Hungarian Grand Prix,2007,2007 - Hungarian Grand Prix
47,424,Turkish Grand Prix,2007,2007 - Turkish Grand Prix
48,371,Italian Grand Prix,2007,2007 - Italian Grand Prix
49,295,Belgian Grand Prix,2007,2007 - Belgian Grand Prix
50,525,Japanese Grand Prix,2007,2007 - Japanese Grand Prix
51,440,Chinese Grand Prix,2007,2007 - Chinese Grand Prix
52,264,Brazilian Grand Prix,2007,2007 - Brazilian Grand Prix
53,483,Bahrain Grand Prix,2006,2006 - Bahrain Grand Prix
54,307,Malaysian Grand Prix,2006,2006 - Malaysian Grand Prix
55,365,Australian Grand Prix,2006,2006 - Australian Grand Prix
56,573,San Marino Grand Prix,2006,2006 - San Marino Grand Prix
57,318,European Grand Prix,2006,2006 - European Grand Prix
58,235,Spanish Grand Prix,2006,2006 - Spanish Grand Prix
59,263,Monaco Grand Prix,2006,2006 - Monaco Grand Prix
60,384,British Grand Prix,2006,2006 - British Grand Prix
61,221,Canadian Grand Prix,2006,2006 - Canadian Grand Prix
62,289,United States Grand Prix,2006,2006 - United States Grand Prix
63,309,French Grand Prix,2006,2006 - French Grand Prix
64,380,German Grand Prix,2006,2006 - German Grand Prix
65,142,Hungarian Grand Prix,2006,2006 - Hungarian Grand Prix
66,289,Turkish Grand Prix,2006,2006 - Turkish Grand Prix
67,372,Italian Grand Prix,2006,2006 - Italian Grand Prix
68,337,Chinese Grand Prix,2006,2006 - Chinese Grand Prix
69,364,Japanese Grand Prix,2006,2006 - Japanese Grand Prix
70,466,Brazilian Grand Prix,2006,2006 - Brazilian Grand Prix
71,412,Australian Grand Prix,2005,2005 - Australian Grand Prix
72,361,Malaysian Grand Prix,2005,2005 - Malaysian Grand Prix
73,220,Bahrain Grand Prix,2005,2005 - Bahrain Grand Prix
74,376,San Marino Grand Prix,2005,2005 - San Marino Grand Prix
75,252,Spanish Grand Prix,2005,2005 - Spanish Grand Prix
76,437,Monaco Grand Prix,2005,2005 - Monaco Grand Prix
77,439,European Grand Prix,2005,2005 - European Grand Prix
78,188,Canadian Grand Prix,2005,2005 - Canadian Grand Prix
79,66,United States Grand Prix,2005,2005 - United States Grand Prix
80,72,French Grand Prix,2005,2005 - French Grand Prix
81,388,British Grand Prix,2005,2005 - British Grand Prix
82,431,German Grand Prix,2005,2005 - German Grand Prix
83,271,Hungarian Grand Prix,2005,2005 - Hungarian Grand Prix
84,361,Turkish Grand Prix,2005,2005 - Turkish Grand Prix
85,380,Italian Grand Prix,2005,2005 - Italian Grand Prix
86,176,Belgian Grand Prix,2005,2005 - Belgian Grand Prix
87,244,Brazilian Grand Prix,2005,2005 - Brazilian Grand Prix
88,496,Japanese Grand Prix,2005,2005 - Japanese Grand Prix
89,492,Chinese Grand Prix,2005,2005 - Chinese Grand Prix
90,205,Australian Grand Prix,2004,2004 - Australian Grand Prix
91,279,Malaysian Grand Prix,2004,2004 - Malaysian Grand Prix
92,284,Bahrain Grand Prix,2004,2004 - Bahrain Grand Prix
93,287,San Marino Grand Prix,2004,2004 - San Marino Grand Prix
94,311,Spanish Grand Prix,2004,2004 - Spanish Grand Prix
95,80,Monaco Grand Prix,2004,2004 - Monaco Grand Prix
96,280,European Grand Prix,2004,2004 - European Grand Prix
97,99,Canadian Grand Prix,2004,2004 - Canadian Grand Prix
98,204,United States Grand Prix,2004,2004 - United States Grand Prix
99,537,French Grand Prix,2004,2004 - French Grand Prix
100,549,British Grand Prix,2004,2004 - British Grand Prix
101,617,German Grand Prix,2004,2004 - German Grand Prix
102,191,Hungarian Grand Prix,2004,2004 - Hungarian Grand Prix
103,293,Belgian Grand Prix,2004,2004 - Belgian Grand Prix
104,432,Italian Grand Prix,2004,2004 - Italian Grand Prix
105,340,Chinese Grand Prix,2004,2004 - Chinese Grand Prix
106,327,Japanese Grand Prix,2004,2004 - Japanese Grand Prix
107,497,Brazilian Grand Prix,2004,2004 - Brazilian Grand Prix
108,444,Australian Grand Prix,2003,2003 - Australian Grand Prix
109,108,Malaysian Grand Prix,2003,2003 - Malaysian Grand Prix
110,324,Brazilian Grand Prix,2003,2003 - Brazilian Grand Prix
111,300,San Marino Grand Prix,2003,2003 - San Marino Grand Prix
112,125,Spanish Grand Prix,2003,2003 - Spanish Grand Prix
113,180,Austrian Grand Prix,2003,2003 - Austrian Grand Prix
114,467,Monaco Grand Prix,2003,2003 - Monaco Grand Prix
115,262,Canadian Grand Prix,2003,2003 - Canadian Grand Prix
116,194,European Grand Prix,2003,2003 - European Grand Prix
117,291,French Grand Prix,2003,2003 - French Grand Prix
118,550,British Grand Prix,2003,2003 - British Grand Prix
119,114,German Grand Prix,2003,2003 - German Grand Prix
120,279,Hungarian Grand Prix,2003,2003 - Hungarian Grand Prix
121,170,Italian Grand Prix,2003,2003 - Italian Grand Prix
122,213,United States Grand Prix,2003,2003 - United States Grand Prix
123,446,Japanese Grand Prix,2003,2003 - Japanese Grand Prix
124,96,Australian Grand Prix,2002,2002 - Australian Grand Prix
125,111,Malaysian Grand Prix,2002,2002 - Malaysian Grand Prix
126,200,Brazilian Grand Prix,2002,2002 - Brazilian Grand Prix
127,143,San Marino Grand Prix,2002,2002 - San Marino Grand Prix
128,223,Spanish Grand Prix,2002,2002 - Spanish Grand Prix
129,420,Austrian Grand Prix,2002,2002 - Austrian Grand Prix
130,138,Monaco Grand Prix,2002,2002 - Monaco Grand Prix
131,234,Canadian Grand Prix,2002,2002 - Canadian Grand Prix
132,153,European Grand Prix,2002,2002 - European Grand Prix
133,79,British Grand Prix,2002,2002 - British Grand Prix
134,230,French Grand Prix,2002,2002 - French Grand Prix
135,147,German Grand Prix,2002,2002 - German Grand Prix
136,340,Hungarian Grand Prix,2002,2002 - Hungarian Grand Prix
137,191,Belgian Grand Prix,2002,2002 - Belgian Grand Prix
138,353,Italian Grand Prix,2002,2002 - Italian Grand Prix
139,269,United States Grand Prix,2002,2002 - United States Grand Prix
140,114,Japanese Grand Prix,2002,2002 - Japanese Grand Prix
141,276,Australian Grand Prix,2001,2001 - Australian Grand Prix
142,253,Malaysian Grand Prix,2001,2001 - Malaysian Grand Prix
143,52,Brazilian Grand Prix,2001,2001 - Brazilian Grand Prix
144,177,San Marino Grand Prix,2001,2001 - San Marino Grand Prix
145,349,Spanish Grand Prix,2001,2001 - Spanish Grand Prix
146,229,Austrian Grand Prix,2001,2001 - Austrian Grand Prix
147,175,Monaco Grand Prix,2001,2001 - Monaco Grand Prix
148,186,Canadian Grand Prix,2001,2001 - Canadian Grand Prix
149,255,European Grand Prix,2001,2001 - European Grand Prix
150,168,French Grand Prix,2001,2001 - French Grand Prix
151,102,British Grand Prix,2001,2001 - British Grand Prix
152,211,German Grand Prix,2001,2001 - German Grand Prix
153,218,Hungarian Grand Prix,2001,2001 - Hungarian Grand Prix
154,196,Belgian Grand Prix,2001,2001 - Belgian Grand Prix
155,191,Italian Grand Prix,2001,2001 - Italian Grand Prix
156,224,United States Grand Prix,2001,2001 - United States Grand Prix
157,255,Japanese Grand Prix,2001,2001 - Japanese Grand Prix
158,267,Australian Grand Prix,2000,2000 - Australian Grand Prix
159,101,Brazilian Grand Prix,2000,2000 - Brazilian Grand Prix
160,131,San Marino Grand Prix,2000,2000 - San Marino Grand Prix
161,201,British Grand Prix,2000,2000 - British Grand Prix
162,238,Spanish Grand Prix,2000,2000 - Spanish Grand Prix
163,48,European Grand Prix,2000,2000 - European Grand Prix
164,245,Monaco Grand Prix,2000,2000 - Monaco Grand Prix
165,527,Canadian Grand Prix,2000,2000 - Canadian Grand Prix
166,261,French Grand Prix,2000,2000 - French Grand Prix
167,75,Austrian Grand Prix,2000,2000 - Austrian Grand Prix
168,373,German Grand Prix,2000,2000 - German Grand Prix
169,301,Hungarian Grand Prix,2000,2000 - Hungarian Grand Prix
170,339,Belgian Grand Prix,2000,2000 - Belgian Grand Prix
171,184,Italian Grand Prix,2000,2000 - Italian Grand Prix
172,329,United States Grand Prix,2000,2000 - United States Grand Prix
173,148,Japanese Grand Prix,2000,2000 - Japanese Grand Prix
174,231,Malaysian Grand Prix,2000,2000 - Malaysian Grand Prix
175,246,Australian Grand Prix,1999,1999 - Australian Grand Prix
176,74,Brazilian Grand Prix,1999,1999 - Brazilian Grand Prix
177,42,San Marino Grand Prix,1999,1999 - San Marino Grand Prix
178,153,Monaco Grand Prix,1999,1999 - Monaco Grand Prix
179,160,Spanish Grand Prix,1999,1999 - Spanish Grand Prix
180,272,Canadian Grand Prix,1999,1999 - Canadian Grand Prix
181,485,French Grand Prix,1999,1999 - French Grand Prix
182,568,British Grand Prix,1999,1999 - British Grand Prix
183,230,Austrian Grand Prix,1999,1999 - Austrian Grand Prix
184,297,German Grand Prix,1999,1999 - German Grand Prix
185,356,Hungarian Grand Prix,1999,1999 - Hungarian Grand Prix
186,467,Belgian Grand Prix,1999,1999 - Belgian Grand Prix
187,416,Italian Grand Prix,1999,1999 - Italian Grand Prix
188,306,European Grand Prix,1999,1999 - European Grand Prix
189,298,Malaysian Grand Prix,1999,1999 - Malaysian Grand Prix
190,127,Japanese Grand Prix,1999,1999 - Japanese Grand Prix
191,48,Australian Grand Prix,1998,1998 - Australian Grand Prix
192,151,Brazilian Grand Prix,1998,1998 - Brazilian Grand Prix
193,354,Argentine Grand Prix,1998,1998 - Argentine Grand Prix
194,170,San Marino Grand Prix,1998,1998 - San Marino Grand Prix
195,127,Spanish Grand Prix,1998,1998 - Spanish Grand Prix
196,130,Monaco Grand Prix,1998,1998 - Monaco Grand Prix
197,193,Canadian Grand Prix,1998,1998 - Canadian Grand Prix
198,145,French Grand Prix,1998,1998 - French Grand Prix
199,73,British Grand Prix,1998,1998 - British Grand Prix
200,332,Austrian Grand Prix,1998,1998 - Austrian Grand Prix
201,372,German Grand Prix,1998,1998 - German Grand Prix
202,249,Hungarian Grand Prix,1998,1998 - Hungarian Grand Prix
203,123,Belgian Grand Prix,1998,1998 - Belgian Grand Prix
204,181,Italian Grand Prix,1998,1998 - Italian Grand Prix
205,309,Luxembourg Grand Prix,1998,1998 - Luxembourg Grand Prix
206,279,Japanese Grand Prix,1998,1998 - Japanese Grand Prix
207,224,Australian Grand Prix,1997,1997 - Australian Grand Prix
208,458,Brazilian Grand Prix,1997,1997 - Brazilian Grand Prix
209,349,Argentine Grand Prix,1997,1997 - Argentine Grand Prix
210,142,San Marino Grand Prix,1997,1997 - San Marino Grand Prix
211,138,Monaco Grand Prix,1997,1997 - Monaco Grand Prix
212,488,Spanish Grand Prix,1997,1997 - Spanish Grand Prix
213,231,Canadian Grand Prix,1997,1997 - Canadian Grand Prix
214,251,French Grand Prix,1997,1997 - French Grand Prix
215,216,British Grand Prix,1997,1997 - British Grand Prix
216,176,German Grand Prix,1997,1997 - German Grand Prix
217,437,Hungarian Grand Prix,1997,1997 - Hungarian Grand Prix
218,298,Belgian Grand Prix,1997,1997 - Belgian Grand Prix
219,421,Italian Grand Prix,1997,1997 - Italian Grand Prix
220,475,Austrian Grand Prix,1997,1997 - Austrian Grand Prix
221,368,Luxembourg Grand Prix,1997,1997 - Luxembourg Grand Prix
222,355,Japanese Grand Prix,1997,1997 - Japanese Grand Prix
223,516,European Grand Prix,1997,1997 - European Grand Prix
224,164,Australian Grand Prix,1996,1996 - Australian Grand Prix
225,46,Brazilian Grand Prix,1996,1996 - Brazilian Grand Prix
226,402,Argentine Grand Prix,1996,1996 - Argentine Grand Prix
227,473,European Grand Prix,1996,1996 - European Grand Prix
228,187,San Marino Grand Prix,1996,1996 - San Marino Grand Prix
229,132,Monaco Grand Prix,1996,1996 - Monaco Grand Prix
230,84,Spanish Grand Prix,1996,1996 - Spanish Grand Prix
231,97,Canadian Grand Prix,1996,1996 - Canadian Grand Prix
232,199,French Grand Prix,1996,1996 - French Grand Prix
233,176,British Grand Prix,1996,1996 - British Grand Prix
234,181,German Grand Prix,1996,1996 - German Grand Prix
235,98,Hungarian Grand Prix,1996,1996 - Hungarian Grand Prix
236,216,Belgian Grand Prix,1996,1996 - Belgian Grand Prix
237,143,Italian Grand Prix,1996,1996 - Italian Grand Prix
238,265,Portuguese Grand Prix,1996,1996 - Portuguese Grand Prix
239,386,Japanese Grand Prix,1996,1996 - Japanese Grand Prix
337,497,Bahrain Grand Prix,2010,2010 - Bahrain Grand Prix
338,553,Australian Grand Prix,2010,2010 - Australian Grand Prix
339,466,Malaysian Grand Prix,2010,2010 - Malaysian Grand Prix
340,591,Chinese Grand Prix,2010,2010 - Chinese Grand Prix
341,336,Spanish Grand Prix,2010,2010 - Spanish Grand Prix
342,709,Monaco Grand Prix,2010,2010 - Monaco Grand Prix
343,553,Turkish Grand Prix,2010,2010 - Turkish Grand Prix
344,329,Canadian Grand Prix,2010,2010 - Canadian Grand Prix
345,737,European Grand Prix,2010,2010 - European Grand Prix
346,601,British Grand Prix,2010,2010 - British Grand Prix
347,285,German Grand Prix,2010,2010 - German Grand Prix
348,227,Hungarian Grand Prix,2010,2010 - Hungarian Grand Prix
349,449,Belgian Grand Prix,2010,2010 - Belgian Grand Prix
350,509,Italian Grand Prix,2010,2010 - Italian Grand Prix
351,417,Singapore Grand Prix,2010,2010 - Singapore Grand Prix
352,395,Japanese Grand Prix,2010,2010 - Japanese Grand Prix
353,509,Korean Grand Prix,2010,2010 - Korean Grand Prix
354,303,Brazilian Grand Prix,2010,2010 - Brazilian Grand Prix
355,726,Abu Dhabi Grand Prix,2010,2010 - Abu Dhabi Grand Prix
841,274,Australian Grand Prix,2011,2011 - Australian Grand Prix
842,405,Malaysian Grand Prix,2011,2011 - Malaysian Grand Prix
843,627,Chinese Grand Prix,2011,2011 - Chinese Grand Prix
844,532,Turkish Grand Prix,2011,2011 - Turkish Grand Prix
845,150,Spanish Grand Prix,2011,2011 - Spanish Grand Prix
846,274,Monaco Grand Prix,2011,2011 - Monaco Grand Prix
847,694,Canadian Grand Prix,2011,2011 - Canadian Grand Prix
848,243,European Grand Prix,2011,2011 - European Grand Prix
849,494,British Grand Prix,2011,2011 - British Grand Prix
850,222,German Grand Prix,2011,2011 - German Grand Prix
851,294,Hungarian Grand Prix,2011,2011 - Hungarian Grand Prix
852,444,Belgian Grand Prix,2011,2011 - Belgian Grand Prix
853,209,Italian Grand Prix,2011,2011 - Italian Grand Prix
854,217,Singapore Grand Prix,2011,2011 - Singapore Grand Prix
855,838,Japanese Grand Prix,2011,2011 - Japanese Grand Prix
856,472,Korean Grand Prix,2011,2011 - Korean Grand Prix
857,266,Indian Grand Prix,2011,2011 - Indian Grand Prix
858,319,Abu Dhabi Grand Prix,2011,2011 - Abu Dhabi Grand Prix
859,175,Brazilian Grand Prix,2011,2011 - Brazilian Grand Prix
860,541,Australian Grand Prix,2012,2012 - Australian Grand Prix
861,699,Malaysian Grand Prix,2012,2012 - Malaysian Grand Prix
862,786,Chinese Grand Prix,2012,2012 - Chinese Grand Prix
863,605,Bahrain Grand Prix,2012,2012 - Bahrain Grand Prix
864,398,Spanish Grand Prix,2012,2012 - Spanish Grand Prix
865,599,Monaco Grand Prix,2012,2012 - Monaco Grand Prix
866,792,Canadian Grand Prix,2012,2012 - Canadian Grand Prix
867,678,European Grand Prix,2012,2012 - European Grand Prix
868,684,British Grand Prix,2012,2012 - British Grand Prix
869,737,German Grand Prix,2012,2012 - German Grand Prix
870,766,Hungarian Grand Prix,2012,2012 - Hungarian Grand Prix
871,453,Belgian Grand Prix,2012,2012 - Belgian Grand Prix
872,549,Italian Grand Prix,2012,2012 - Italian Grand Prix
873,715,Singapore Grand Prix,2012,2012 - Singapore Grand Prix
874,587,Japanese Grand Prix,2012,2012 - Japanese Grand Prix
875,669,Korean Grand Prix,2012,2012 - Korean Grand Prix
876,651,Indian Grand Prix,2012,2012 - Indian Grand Prix
877,674,Abu Dhabi Grand Prix,2012,2012 - Abu Dhabi Grand Prix
878,589,United States Grand Prix,2012,2012 - United States Grand Prix
879,488,Brazilian Grand Prix,2012,2012 - Brazilian Grand Prix
880,559,Australian Grand Prix,2013,2013 - Australian Grand Prix
881,478,Malaysian Grand Prix,2013,2013 - Malaysian Grand Prix
882,621,Chinese Grand Prix,2013,2013 - Chinese Grand Prix
883,698,Bahrain Grand Prix,2013,2013 - Bahrain Grand Prix
884,436,Spanish Grand Prix,2013,2013 - Spanish Grand Prix
885,1012,Monaco Grand Prix,2013,2013 - Monaco Grand Prix
886,210,Canadian Grand Prix,2013,2013 - Canadian Grand Prix
887,730,British Grand Prix,2013,2013 - British Grand Prix
888,713,German Grand Prix,2013,2013 - German Grand Prix
890,414,Hungarian Grand Prix,2013,2013 - Hungarian Grand Prix
891,511,Belgian Grand Prix,2013,2013 - Belgian Grand Prix
892,627,Italian Grand Prix,2013,2013 - Italian Grand Prix
893,642,Singapore Grand Prix,2013,2013 - Singapore Grand Prix
894,717,Korean Grand Prix,2013,2013 - Korean Grand Prix
895,440,Japanese Grand Prix,2013,2013 - Japanese Grand Prix
896,554,Indian Grand Prix,2013,2013 - Indian Grand Prix
897,524,Abu Dhabi Grand Prix,2013,2013 - Abu Dhabi Grand Prix
898,715,United States Grand Prix,2013,2013 - United States Grand Prix
899,445,Brazilian Grand Prix,2013,2013 - Brazilian Grand Prix
900,421,Australian Grand Prix,2014,2014 - Australian Grand Prix
901,254,Malaysian Grand Prix,2014,2014 - Malaysian Grand Prix
902,645,Bahrain Grand Prix,2014,2014 - Bahrain Grand Prix
903,314,Chinese Grand Prix,2014,2014 - Chinese Grand Prix
904,207,Spanish Grand Prix,2014,2014 - Spanish Grand Prix
905,191,Monaco Grand Prix,2014,2014 - Monaco Grand Prix
906,529,Canadian Grand Prix,2014,2014 - Canadian Grand Prix
907,631,Austrian Grand Prix,2014,2014 - Austrian Grand Prix
908,325,British Grand Prix,2014,2014 - British Grand Prix
909,344,German Grand Prix,2014,2014 - German Grand Prix
910,682,Hungarian Grand Prix,2014,2014 - Hungarian Grand Prix
911,512,Belgian Grand Prix,2014,2014 - Belgian Grand Prix
912,528,Italian Grand Prix,2014,2014 - Italian Grand Prix
913,731,Singapore Grand Prix,2014,2014 - Singapore Grand Prix
914,282,Japanese Grand Prix,2014,2014 - Japanese Grand Prix
915,516,Russian Grand Prix,2014,2014 - Russian Grand Prix
916,379,United States Grand Prix,2014,2014 - United States Grand Prix
917,450,Brazilian Grand Prix,2014,2014 - Brazilian Grand Prix
918,460,Abu Dhabi Grand Prix,2014,2014 - Abu Dhabi Grand Prix
926,144,Australian Grand Prix,2015,2015 - Australian Grand Prix
927,222,Malaysian Grand Prix,2015,2015 - Malaysian Grand Prix
928,314,Chinese Grand Prix,2015,2015 - Chinese Grand Prix
929,189,Bahrain Grand Prix,2015,2015 - Bahrain Grand Prix
930,214,Spanish Grand Prix,2015,2015 - Spanish Grand Prix
931,872,Monaco Grand Prix,2015,2015 - Monaco Grand Prix
932,313,Canadian Grand Prix,2015,2015 - Canadian Grand Prix
933,215,Austrian Grand Prix,2015,2015 - Austrian Grand Prix
934,244,British Grand Prix,2015,2015 - British Grand Prix
936,745,Hungarian Grand Prix,2015,2015 - Hungarian Grand Prix
937,304,Belgian Grand Prix,2015,2015 - Belgian Grand Prix
938,141,Italian Grand Prix,2015,2015 - Italian Grand Prix
939,510,Singapore Grand Prix,2015,2015 - Singapore Grand Prix
940,318,Japanese Grand Prix,2015,2015 - Japanese Grand Prix
941,393,Russian Grand Prix,2015,2015 - Russian Grand Prix
942,501,United States Grand Prix,2015,2015 - United States Grand Prix
943,739,Mexican Grand Prix,2015,2015 - Mexican Grand Prix
944,135,Brazilian Grand Prix,2015,2015 - Brazilian Grand Prix
945,437,Abu Dhabi Grand Prix,2015,2015 - Abu Dhabi Grand Prix
948,498,Australian Grand Prix,2016,2016 - Australian Grand Prix
949,198,Bahrain Grand Prix,2016,2016 - Bahrain Grand Prix
950,564,Chinese Grand Prix,2016,2016 - Chinese Grand Prix
951,148,Russian Grand Prix,2016,2016 - Russian Grand Prix
952,306,Spanish Grand Prix,2016,2016 - Spanish Grand Prix
953,394,Monaco Grand Prix,2016,2016 - Monaco Grand Prix
954,341,Canadian Grand Prix,2016,2016 - Canadian Grand Prix
955,408,European Grand Prix,2016,2016 - European Grand Prix
956,360,Austrian Grand Prix,2016,2016 - Austrian Grand Prix
957,418,British Grand Prix,2016,2016 - British Grand Prix
958,266,Hungarian Grand Prix,2016,2016 - Hungarian Grand Prix
959,327,German Grand Prix,2016,2016 - German Grand Prix
960,515,Belgian Grand Prix,2016,2016 - Belgian Grand Prix
961,376,Italian Grand Prix,2016,2016 - Italian Grand Prix
962,409,Singapore Grand Prix,2016,2016 - Singapore Grand Prix
963,419,Malaysian Grand Prix,2016,2016 - Malaysian Grand Prix
964,387,Japanese Grand Prix,2016,2016 - Japanese Grand Prix
965,188,United States Grand Prix,2016,2016 - United States Grand Prix
966,484,Mexican Grand Prix,2016,2016 - Mexican Grand Prix
967,971,Brazilian Grand Prix,2016,2016 - Brazilian Grand Prix
968,471,Abu Dhabi Grand Prix,2016,2016 - Abu Dhabi Grand Prix
969,183,Australian Grand Prix,2017,2017 - Australian Grand Prix
970,256,Chinese Grand Prix,2017,2017 - Chinese Grand Prix
971,359,Bahrain Grand Prix,2017,2017 - Bahrain Grand Prix
972,219,Russian Grand Prix,2017,2017 - Russian Grand Prix
973,78,Spanish Grand Prix,2017,2017 - Spanish Grand Prix
974,767,Monaco Grand Prix,2017,2017 - Monaco Grand Prix
975,383,Canadian Grand Prix,2017,2017 - Canadian Grand Prix
976,447,Azerbaijan Grand Prix,2017,2017 - Azerbaijan Grand Prix
977,252,Austrian Grand Prix,2017,2017 - Austrian Grand Prix
978,208,British Grand Prix,2017,2017 - British Grand Prix
979,271,Hungarian Grand Prix,2017,2017 - Hungarian Grand Prix
980,490,Belgian Grand Prix,2017,2017 - Belgian Grand Prix
981,304,Italian Grand Prix,2017,2017 - Italian Grand Prix
982,468,Singapore Grand Prix,2017,2017 - Singapore Grand Prix
983,171,Malaysian Grand Prix,2017,2017 - Malaysian Grand Prix
984,298,Japanese Grand Prix,2017,2017 - Japanese Grand Prix
985,240,United States Grand Prix,2017,2017 - United States Grand Prix
986,131,Mexican Grand Prix,2017,2017 - Mexican Grand Prix
987,423,Brazilian Grand Prix,2017,2017 - Brazilian Grand Prix
988,253,Abu Dhabi Grand Prix,2017,2017 - Abu Dhabi Grand Prix
989,580,Australian Grand Prix,2018,2018 - Australian Grand Prix
990,201,Bahrain Grand Prix,2018,2018 - Bahrain Grand Prix
991,812,Chinese Grand Prix,2018,2018 - Chinese Grand Prix
992,510,Azerbaijan Grand Prix,2018,2018 - Azerbaijan Grand Prix
993,228,Spanish Grand Prix,2018,2018 - Spanish Grand Prix
994,805,Monaco Grand Prix,2018,2018 - Monaco Grand Prix
995,296,Canadian Grand Prix,2018,2018 - Canadian Grand Prix
996,360,French Grand Prix,2018,2018 - French Grand Prix
997,128,Austrian Grand Prix,2018,2018 - Austrian Grand Prix
998,554,British Grand Prix,2018,2018 - British Grand Prix
999,643,German Grand Prix,2018,2018 - German Grand Prix
1000,262,Hungarian Grand Prix,2018,2018 - Hungarian Grand Prix
1001,239,Belgian Grand Prix,2018,2018 - Belgian Grand Prix
1002,259,Italian Grand Prix,2018,2018 - Italian Grand Prix
1003,310,Singapore Grand Prix,2018,2018 - Singapore Grand Prix
1004,254,Russian Grand Prix,2018,2018 - Russian Grand Prix
1005,350,Japanese Grand Prix,2018,2018 - Japanese Grand Prix
1006,304,United States Grand Prix,2018,2018 - United States Grand Prix
1007,120,Mexican Grand Prix,2018,2018 - Mexican Grand Prix
1008,472,Brazilian Grand Prix,2018,2018 - Brazilian Grand Prix
1009,297,Abu Dhabi Grand Prix,2018,2018 - Abu Dhabi Grand Prix
1010,184,Australian Grand Prix,2019,2019 - Australian Grand Prix
1011,456,Bahrain Grand Prix,2019,2019 - Bahrain Grand Prix
1012,187,Chinese Grand Prix,2019,2019 - Chinese Grand Prix
1013,321,Azerbaijan Grand Prix,2019,2019 - Azerbaijan Grand Prix
1014,822,Spanish Grand Prix,2019,2019 - Spanish Grand Prix
1015,657,Monaco Grand Prix,2019,2019 - Monaco Grand Prix
1016,219,Canadian Grand Prix,2019,2019 - Canadian Grand Prix
1017,162,French Grand Prix,2019,2019 - French Grand Prix
1018,198,Austrian Grand Prix,2019,2019 - Austrian Grand Prix
1019,504,British Grand Prix,2019,2019 - British Grand Prix
1020,684,German Grand Prix,2019,2019 - German Grand Prix
1021,124,Hungarian Grand Prix,2019,2019 - Hungarian Grand Prix
1022,296,Belgian Grand Prix,2019,2019 - Belgian Grand Prix
1023,271,Italian Grand Prix,2019,2019 - Italian Grand Prix
1024,865,Singapore Grand Prix,2019,2019 - Singapore Grand Prix
1025,571,Russian Grand Prix,2019,2019 - Russian Grand Prix
1026,122,Japanese Grand Prix,2019,2019 - Japanese Grand Prix
1027,383,Mexican Grand Prix,2019,2019 - Mexican Grand Prix
1028,248,United States Grand Prix,2019,2019 - United States Grand Prix
1029,814,Brazilian Grand Prix,2019,2019 - Brazilian Grand Prix
1030,186,Abu Dhabi Grand Prix,2019,2019 - Abu Dhabi Grand Prix
1031,504,Austrian Grand Prix,2020,2020 - Austrian Grand Prix
1032,393,Styrian Grand Prix,2020,2020 - Styrian Grand Prix
1033,184,Hungarian Grand Prix,2020,2020 - Hungarian Grand Prix
1034,621,British Grand Prix,2020,2020 - British Grand Prix
1035,505,70th Anniversary Grand Prix,2020,2020 - 70th Anniversary Grand Prix
1036,96,Spanish Grand Prix,2020,2020 - Spanish Grand Prix
1037,602,Belgian Grand Prix,2020,2020 - Belgian Grand Prix
1038,640,Italian Grand Prix,2020,2020 - Italian Grand Prix
1039,528,Tuscan Grand Prix,2020,2020 - Tuscan Grand Prix
1040,372,Russian Grand Prix,2020,2020 - Russian Grand Prix
1041,651,Eifel Grand Prix,2020,2020 - Eifel Grand Prix
1042,124,Portuguese Grand Prix,2020,2020 - Portuguese Grand Prix
1043,726,Emilia Romagna Grand Prix,2020,2020 - Emilia Romagna Grand Prix
1044,443,Turkish Grand Prix,2020,2020 - Turkish Grand Prix
1045,347,Bahrain Grand Prix,2020,2020 - Bahrain Grand Prix
1046,1213,Sakhir Grand Prix,2020,2020 - Sakhir Grand Prix
1047,330,Abu Dhabi Grand Prix,2020,2020 - Abu Dhabi Grand Prix
1051,317,Qatar Grand Prix,2021,2021 - Qatar Grand Prix
1052,459,Bahrain Grand Prix,2021,2021 - Bahrain Grand Prix
1053,626,Emilia Romagna Grand Prix,2021,2021 - Emilia Romagna Grand Prix
1054,549,Portuguese Grand Prix,2021,2021 - Portuguese Grand Prix
1055,268,Spanish Grand Prix,2021,2021 - Spanish Grand Prix
1056,365,Monaco Grand Prix,2021,2021 - Monaco Grand Prix
1057,639,Azerbaijan Grand Prix,2021,2021 - Azerbaijan Grand Prix
1058,149,Styrian Grand Prix,2021,2021 - Styrian Grand Prix
1059,407,French Grand Prix,2021,2021 - French Grand Prix
1060,439,Austrian Grand Prix,2021,2021 - Austrian Grand Prix
1061,353,British Grand Prix,2021,2021 - British Grand Prix
1062,425,Hungarian Grand Prix,2021,2021 - Hungarian Grand Prix
1063,0,Belgian Grand Prix,2021,2021 - Belgian Grand Prix
1064,107,Dutch Grand Prix,2021,2021 - Dutch Grand Prix
1065,659,Italian Grand Prix,2021,2021 - Italian Grand Prix
1066,461,Russian Grand Prix,2021,2021 - Russian Grand Prix
1067,383,Turkish Grand Prix,2021,2021 - Turkish Grand Prix
1069,302,United States Grand Prix,2021,2021 - United States Grand Prix
1070,169,Mexico City Grand Prix,2021,2021 - Mexico City Grand Prix
1071,275,São Paulo Grand Prix,2021,2021 - São Paulo Grand Prix
1072,463,Saudi Arabian Grand Prix,2021,2021 - Saudi Arabian Grand Prix
1073,444,Abu Dhabi Grand Prix,2021,2021 - Abu Dhabi Grand Prix
1074,722,Bahrain Grand Prix,2022,2022 - Bahrain Grand Prix
1075,407,Saudi Arabian Grand Prix,2022,2022 - Saudi Arabian Grand Prix
1076,505,Australian Grand Prix,2022,2022 - Australian Grand Prix
1077,359,Emilia Romagna Grand Prix,2022,2022 - Emilia Romagna Grand Prix
1078,634,Miami Grand Prix,2022,2022 - Miami Grand Prix
1079,338,Spanish Grand Prix,2022,2022 - Spanish Grand Prix
1080,709,Monaco Grand Prix,2022,2022 - Monaco Grand Prix
1081,308,Azerbaijan Grand Prix,2022,2022 - Azerbaijan Grand Prix
1082,892,Canadian Grand Prix,2022,2022 - Canadian Grand Prix
1083,548,British Grand Prix,2022,2022 - British Grand Prix
1084,172,Austrian Grand Prix,2022,2022 - Austrian Grand Prix
1085,595,French Grand Prix,2022,2022 - French Grand Prix
1086,341,Hungarian Grand Prix,2022,2022 - Hungarian Grand Prix
1087,480,Belgian Grand Prix,2022,2022 - Belgian Grand Prix
1088,926,Dutch Grand Prix,2022,2022 - Dutch Grand Prix
1089,442,Italian Grand Prix,2022,2022 - Italian Grand Prix
1091,495,Singapore Grand Prix,2022,2022 - Singapore Grand Prix
1092,417,Japanese Grand Prix,2022,2022 - Japanese Grand Prix
1093,741,United States Grand Prix,2022,2022 - United States Grand Prix
1094,258,Mexico City Grand Prix,2022,2022 - Mexico City Grand Prix
1095,890,São Paulo Grand Prix,2022,2022 - São Paulo Grand Prix
1096,442,Abu Dhabi Grand Prix,2022,2022 - Abu Dhabi Grand Prix
1098,449,Bahrain Grand Prix,2023,2023 - Bahrain Grand Prix
1099,642,Saudi Arabian Grand Prix,2023,2023 - Saudi Arabian Grand Prix
1100,560,Australian Grand Prix,2023,2023 - Australian Grand Prix
1101,595,Azerbaijan Grand Prix,2023,2023 - Azerbaijan Grand Prix
1102,812,Miami Grand Prix,2023,2023 - Miami Grand Prix
1104,448,Monaco Grand Prix,2023,2023 - Monaco Grand Prix
1105,604,Spanish Grand Prix,2023,2023 - Spanish Grand Prix
1106,737,Canadian Grand Prix,2023,2023 - Canadian Grand Prix
1107,568,Austrian Grand Prix,2023,2023 - Austrian Grand Prix
1108,699,British Grand Prix,2023,2023 - British Grand Prix
1109,419,Hungarian Grand Prix,2023,2023 - Hungarian Grand Prix
1110,619,Belgian Grand Prix,2023,2023 - Belgian Grand Prix
1111,1004,Dutch Grand Prix,2023,2023 - Dutch Grand Prix
1112,657,Italian Grand Prix,2023,2023 - Italian Grand Prix
1113,751,Singapore Grand Prix,2023,2023 - Singapore Grand Prix
1114,378,Japanese Grand Prix,2023,2023 - Japanese Grand Prix
1115,595,Qatar Grand Prix,2023,2023 - Qatar Grand Prix
1116,499,United States Grand Prix,2023,2023 - United States Grand Prix
1117,816,Mexico City Grand Prix,2023,2023 - Mexico City Grand Prix
1118,421,São Paulo Grand Prix,2023,2023 - São Paulo Grand Prix
1119,698,Las Vegas Grand Prix,2023,2023 - Las Vegas Grand Prix
1120,769,Abu Dhabi Grand Prix,2023,2023 - Abu Dhabi Grand Prix
1121,383,Bahrain Grand Prix,2024,2024 - Bahrain Grand Prix
1122,422,Saudi Arabian Grand Prix,2024,2024 - Saudi Arabian Grand Prix
1123,339,Australian Grand Prix,2024,2024 - Australian Grand Prix
1124,338,Japanese Grand Prix,2024,2024 - Japanese Grand Prix
1125,742,Chinese Grand Prix,2024,2024 - Chinese Grand Prix
1126,914,Miami Grand Prix,2024,2024 - Miami Grand Prix
1127,382,Emilia Romagna Grand Prix,2024,2024 - Emilia Romagna Grand Prix
1128,428,Monaco Grand Prix,2024,2024 - Monaco Grand Prix
1129,784,Canadian Grand Prix,2024,2024 - Canadian Grand Prix
1130,527,Spanish Grand Prix,2024,2024 - Spanish Grand Prix
1131,616,Austrian Grand Prix,2024,2024 - Austrian Grand Prix
1132,480,British Grand Prix,2024,2024 - British Grand Prix
1133,531,Hungarian Grand Prix,2024,2024 - Hungarian Grand Prix
1134,609,Belgian Grand Prix,2024,2024 - Belgian Grand Prix
1135,394,Dutch Grand Prix,2024,2024 - Dutch Grand Prix
1136,502,Italian Grand Prix,2024,2024 - Italian Grand Prix
1137,519,Azerbaijan Grand Prix,2024,2024 - Azerbaijan Grand Prix
1138,213,Singapore Grand Prix,2024,2024 - Singapore Grand Prix
1139,478,United States Grand Prix,2024,2024 - United States Grand Prix
1140,391,Mexico City Grand Prix,2024,2024 - Mexico City Grand Prix
1141,794,São Paulo Grand Prix,2024,2024 - São Paulo Grand Prix
1142,635,Las Vegas Grand Prix,2024,2024 - Las Vegas Grand Prix
1143,562,Qatar Grand Prix,2024,2024 - Qatar Grand Prix
1144,400,Abu Dhabi Grand Prix,2024,2024 - Abu Dhabi Grand Prix
